{
    "assembly": {
        "random": {
            "__ufloat__": true,
            "n": 222.75079699654262,
            "s": 35.22356375787853
        },
        "expert": {
            "__ufloat__": true,
            "n": 1464.65,
            "s": 455.54
        }
    },
    "basketball": {
        "random": {
            "__ufloat__": true,
            "n": 10.418424575516685,
            "s": 5.693157316839214
        },
        "expert": {
            "__ufloat__": true,
            "n": 1887.61,
            "s": 1001.89
        }
    },
    "bin-picking": {
        "random": {
            "__ufloat__": true,
            "n": 9.674814668544721,
            "s": 3.891415669916126
        },
        "expert": {
            "__ufloat__": true,
            "n": 65.07,
            "s": 26.89
        }
    },
    "box-close": {
        "random": {
            "__ufloat__": true,
            "n": 307.61750762302864,
            "s": 62.273213870929084
        },
        "expert": {
            "__ufloat__": true,
            "n": 932.24,
            "s": 906.77
        }
    },
    "button-press-topdown": {
        "random": {
            "__ufloat__": true,
            "n": 200.9628592649453,
            "s": 50.19837294111628
        },
        "expert": {
            "__ufloat__": true,
            "n": 3745.21,
            "s": 275.46
        }
    },
    "button-press-topdown-wall": {
        "random": {
            "__ufloat__": true,
            "n": 195.52925396496926,
            "s": 48.20064117129985
        },
        "expert": {
            "__ufloat__": true,
            "n": 1352.9,
            "s": 316.6
        }
    },
    "button-press": {
        "random": {
            "__ufloat__": true,
            "n": 188.16872031501418,
            "s": 73.12590934312713
        },
        "expert": {
            "__ufloat__": true,
            "n": 3259.54,
            "s": 298.39
        }
    },
    "button-press-wall": {
        "random": {
            "__ufloat__": true,
            "n": 69.68937388330332,
            "s": 70.899180715271
        },
        "expert": {
            "__ufloat__": true,
            "n": 1139.61,
            "s": 738.93
        }
    },
    "coffee-button": {
        "random": {
            "__ufloat__": true,
            "n": 176.20488598513907,
            "s": 78.96659407393513
        },
        "expert": {
            "__ufloat__": true,
            "n": 2834.13,
            "s": 971.49
        }
    },
    "coffee-pull": {
        "random": {
            "__ufloat__": true,
            "n": 22.232839750912756,
            "s": 4.593291360738136
        },
        "expert": {
            "__ufloat__": true,
            "n": 152.87,
            "s": 185.46
        }
    },
    "coffee-push": {
        "random": {
            "__ufloat__": true,
            "n": 22.83392999028018,
            "s": 15.171083140843475
        },
        "expert": {
            "__ufloat__": true,
            "n": 459.51,
            "s": 1260.5
        }
    },
    "dial-turn": {
        "random": {
            "__ufloat__": true,
            "n": 106.80217472274839,
            "s": 99.88038018033204
        },
        "expert": {
            "__ufloat__": true,
            "n": 4583.78,
            "s": 71.67
        }
    },
    "disassemble": {
        "random": {
            "__ufloat__": true,
            "n": 193.79467673083346,
            "s": 41.42463656517885
        },
        "expert": {
            "__ufloat__": true,
            "n": 196.86,
            "s": 51.2
        }
    },
    "door-close": {
        "random": {
            "__ufloat__": true,
            "n": 41.91224111704461,
            "s": 20.927769540004245
        },
        "expert": {
            "__ufloat__": true,
            "n": 4423.3,
            "s": 26.44
        }
    },
    "door-lock": {
        "random": {
            "__ufloat__": true,
            "n": 646.0929565666509,
            "s": 437.3403960965589
        },
        "expert": {
            "__ufloat__": true,
            "n": 3807.51,
            "s": 63.32
        }
    },
    "door-open": {
        "random": {
            "__ufloat__": true,
            "n": 298.59975201932787,
            "s": 92.9807140595388
        },
        "expert": {
            "__ufloat__": true,
            "n": 4582.34,
            "s": 25.74
        }
    },
    "door-unlock": {
        "random": {
            "__ufloat__": true,
            "n": 513.3510000603627,
            "s": 317.3745651429398
        },
        "expert": {
            "__ufloat__": true,
            "n": 4731.73,
            "s": 9.21
        }
    },
    "drawer-close": {
        "random": {
            "__ufloat__": true,
            "n": 1021.425107755064,
            "s": 1737.4319489244226
        },
        "expert": {
            "__ufloat__": true,
            "n": 4867.47,
            "s": 5.45
        }
    },
    "drawer-open": {
        "random": {
            "__ufloat__": true,
            "n": 646.6173108157327,
            "s": 234.8296656795002
        },
        "expert": {
            "__ufloat__": true,
            "n": 2672.62,
            "s": 10.81
        }
    },
    "faucet-close": {
        "random": {
            "__ufloat__": true,
            "n": 1310.47563862583,
            "s": 229.5079483944491
        },
        "expert": {
            "__ufloat__": true,
            "n": 4360.77,
            "s": 881.59
        }
    },
    "faucet-open": {
        "random": {
            "__ufloat__": true,
            "n": 1272.4149986731225,
            "s": 222.1840430019269
        },
        "expert": {
            "__ufloat__": true,
            "n": 4738.08,
            "s": 7.66
        }
    },
    "hammer": {
        "random": {
            "__ufloat__": true,
            "n": 464.87911387190604,
            "s": 52.990542476335065
        },
        "expert": {
            "__ufloat__": true,
            "n": 4643.83,
            "s": 108.28
        }
    },
    "hand-insert": {
        "random": {
            "__ufloat__": true,
            "n": 13.23931903104833,
            "s": 19.012882247399293
        },
        "expert": {
            "__ufloat__": true,
            "n": 4295.54,
            "s": 1298.36
        }
    },
    "handle-press-side": {
        "random": {
            "__ufloat__": true,
            "n": 375.0600920369192,
            "s": 633.1175537643551
        },
        "expert": {
            "__ufloat__": true,
            "n": 4830.88,
            "s": 44.4
        }
    },
    "handle-press": {
        "random": {
            "__ufloat__": true,
            "n": 792.3712442799009,
            "s": 1323.2352255168898
        },
        "expert": {
            "__ufloat__": true,
            "n": 4839.48,
            "s": 52.67
        }
    },
    "handle-pull-side": {
        "random": {
            "__ufloat__": true,
            "n": 12.212147666928061,
            "s": 38.9564326098677
        },
        "expert": {
            "__ufloat__": true,
            "n": 4663.41,
            "s": 20.32
        }
    },
    "handle-pull": {
        "random": {
            "__ufloat__": true,
            "n": 55.04717675612206,
            "s": 137.432791725906
        },
        "expert": {
            "__ufloat__": true,
            "n": 4642.87,
            "s": 14.75
        }
    },
    "lever-pull": {
        "random": {
            "__ufloat__": true,
            "n": 255.58352042580105,
            "s": 104.45449514684712
        },
        "expert": {
            "__ufloat__": true,
            "n": 4249.97,
            "s": 1163.87
        }
    },
    "peg-insert-side": {
        "random": {
            "__ufloat__": true,
            "n": 7.964966293198264,
            "s": 3.8236775852487295
        },
        "expert": {
            "__ufloat__": true,
            "n": 4654.72,
            "s": 33.23
        }
    },