{
    "assembly": {
        "__ufloat__": true,
        "n": 222.75079699654262,
        "s": 35.22356375787853
    },
    "basketball": {
        "__ufloat__": true,
        "n": 10.418424575516685,
        "s": 5.693157316839214
    },
    "bin-picking": {
        "__ufloat__": true,
        "n": 9.674814668544721,
        "s": 3.891415669916126
    },
    "box-close": {
        "__ufloat__": true,
        "n": 307.61750762302864,
        "s": 62.273213870929084
    },
    "button-press-topdown": {
        "__ufloat__": true,
        "n": 200.9628592649453,
        "s": 50.19837294111628
    },
    "button-press-topdown-wall": {
        "__ufloat__": true,
        "n": 195.52925396496926,
        "s": 48.20064117129985
    },
    "button-press": {
        "__ufloat__": true,
        "n": 188.16872031501418,
        "s": 73.12590934312713
    },
    "button-press-wall": {
        "__ufloat__": true,
        "n": 69.68937388330332,
        "s": 70.899180715271
    },
    "coffee-button": {
        "__ufloat__": true,
        "n": 176.20488598513907,
        "s": 78.96659407393513
    },
    "coffee-pull": {
        "__ufloat__": true,
        "n": 22.232839750912756,
        "s": 4.593291360738136
    },
    "coffee-push": {
        "__ufloat__": true,
        "n": 22.83392999028018,
        "s": 15.171083140843475
    },
    "dial-turn": {
        "__ufloat__": true,
        "n": 106.80217472274839,
        "s": 99.88038018033204
    },
    "disassemble": {
        "__ufloat__": true,
        "n": 193.79467673083346,
        "s": 41.42463656517885
    },
    "door-close": {
        "__ufloat__": true,
        "n": 41.91224111704461,
        "s": 20.927769540004245
    },
    "door-lock": {
        "__ufloat__": true,
        "n": 646.0929565666509,
        "s": 437.3403960965589
    },
    "door-open": {
        "__ufloat__": true,
        "n": 298.59975201932787,
        "s": 92.9807140595388
    },
    "door-unlock": {
        "__ufloat__": true,
        "n": 513.3510000603627,
        "s": 317.3745651429398
    },
    "drawer-close": {
        "__ufloat__": true,
        "n": 1021.425107755064,
        "s": 1737.4319489244226
    },
    "drawer-open": {
        "__ufloat__": true,
        "n": 646.6173108157327,
        "s": 234.8296656795002
    },
    "faucet-close": {
        "__ufloat__": true,
        "n": 1310.47563862583,
        "s": 229.5079483944491
    },
    "faucet-open": {
        "__ufloat__": true,
        "n": 1272.4149986731225,
        "s": 222.1840430019269
    },
    "hammer": {
        "__ufloat__": true,
        "n": 464.87911387190604,
        "s": 52.990542476335065
    },
    "hand-insert": {
        "__ufloat__": true,
        "n": 13.23931903104833,
        "s": 19.012882247399293
    },
    "handle-press-side": {
        "__ufloat__": true,
        "n": 375.0600920369192,
        "s": 633.1175537643551
    },
    "handle-press": {
        "__ufloat__": true,
        "n": 792.3712442799009,
        "s": 1323.2352255168898
    },
    "handle-pull-side": {
        "__ufloat__": true,
        "n": 12.212147666928061,
        "s": 38.9564326098677
    },
    "handle-pull": {
        "__ufloat__": true,
        "n": 55.04717675612206,
        "s": 137.432791725906
    },
    "lever-pull": {
        "__ufloat__": true,
        "n": 255.58352042580105,
        "s": 104.45449514684712
    },
    "peg-insert-side": {
        "__ufloat__": true,
        "n": 7.964966293198264,
        "s": 3.8236775852487295
    },
    "peg-unplug-side": {
        "__ufloat__": true,
        "n": 26.121798496644608,
        "s": 37.19553115412591
    },
    "pick-out-of-hole": {
        "__ufloat__": true,
        "n": 6.875433598412706,
        "s": 2.251811305556184
    },
    "pick-place": {
        "__ufloat__": true,
        "n": 6.757425176977619,
        "s": 3.9544091999500814
    },
    "pick-place-wall": {
        "__ufloat__": true,
        "n": 0.014233146138615564,
        "s": 0.28459982840428627
    },
    "plate-slide-back-side": {
        "__ufloat__": true,
        "n": 169.0174919330189,
        "s": 114.49126149199908
    },
    "plate-slide-back": {
        "__ufloat__": true,
        "n": 160.441354815356,
        "s": 103.61015682927913
    },
    "plate-slide-side": {
        "__ufloat__": true,
        "n": 107.08231004336075,
        "s": 128.03383593933412
    },
    "plate-slide": {
        "__ufloat__": true,
        "n": 303.85598130528416,
        "s": 113.17570074709836
    },
    "push-back": {
        "__ufloat__": true,
        "n": 5.576360347042031,
        "s": 1.4414585622435434
    },
    "push": {
        "__ufloat__": true,
        "n": 27.694044894604698,
        "s": 30.664743614046277
    },
    "push-wall": {
        "__ufloat__": true,
        "n": 26.07805680110609,
        "s": 18.82153688639457
    },
    "reach": {
        "__ufloat__": true,
        "n": 779.1026258009157,
        "s": 464.5201483996388
    },
    "reach-wall": {
        "__ufloat__": true,
        "n": 749.6866927693333,
        "s": 435.42271345087465
    },
    "shelf-place": {
        "__ufloat__": true,
        "n": 0.015895610759249567,
        "s": 0.33433698891585595
    },
    "soccer": {
        "__ufloat__": true,
        "n": 50.442197470294765,
        "s": 172.13130790496552
    },
    "stick-pull": {
        "__ufloat__": true,
        "n": 11.54810998547947,
        "s": 6.417668584680431
    },
    "stick-push": {
        "__ufloat__": true,
        "n": 11.353475802725098,
        "s": 7.1933952388885825
    },
    "sweep-into": {
        "__ufloat__": true,
        "n": 52.29078812587599,
        "s": 46.53900286668853
    },
    "sweep": {
        "__ufloat__": true,
        "n": 47.51524188294972,
        "s": 31.56762663533395
    },
    "window-close": {
        "__ufloat__": true,
        "n": 307.2102728786202,
        "s": 65.2657665602989
    },
    "window-open": {
        "__ufloat__": true,
        "n": 225.75654117621184,
        "s": 34.588345740972976
    }
}